{
    "platform": {
        "countries": {
            "AFG": "Afghanistan",
            "EGY": "Ägypten",
            "ALA": "Åland",
            "ALB": "Albanien",
            "DZA": "Algerien",
            "ASM": "Amerikanisch-Samoa",
            "VIR": "Amerikanische Jungferninseln",
            "AND": "Andorra",
            "AGO": "Angola",
            "AIA": "Anguilla",
            "ATA": "Antarktis (Sonderstatus durch Antarktisvertrag)",
            "ATG": "Antigua und Barbuda",
            "GNQ": "Äquatorialguinea",
            "ARG": "Argentinien",
            "ARM": "Armenien",
            "ABW": "Aruba",
            "AZE": "Aserbaidschan",
            "ETH": "Äthiopien",
            "AUS": "Australien",
            "BHS": "Bahamas",
            "BHR": "Bahrain",
            "BGD": "Bangladesch",
            "BRB": "Barbados",
            "BLR": "Belarus",
            "BEL": "Belgien",
            "BLZ": "Belize",
            "BEN": "Benin",
            "BMU": "Bermuda",
            "BTN": "Bhutan",
            "BOL": "Bolivien",
            "BES": "Bonaire, Saba, Sint Eustatius",
            "BIH": "Bosnien und Herzegowina",
            "BWA": "Botswana",
            "BVT": "Bouvetinsel",
            "BRA": "Brasilien",
            "VGB": "Britische Jungferninseln",
            "IOT": "Britisches Territorium im Indischen Ozean",
            "BRN": "Brunei",
            "BGR": "Bulgarien",
            "BFA": "Burkina Faso",
            "BDI": "Burundi",
            "CHL": "Chile",
            "CHN": "Volksrepublik China",
            "COK": "Cookinseln",
            "CRI": "Costa Rica",
            "CUW": "Curaçao",
            "DNK": "Dänemark",
            "DEU": "Deutschland",
            "DMA": "Dominica",
            "DOM": "Dominikanische Republik",
            "DJI": "Dschibuti",
            "ECU": "Ecuador",
            "CIV": "Elfenbeinküste",
            "SLV": "El Salvador",
            "ERI": "Eritrea",
            "EST": "Estland",
            "SWZ": "Eswatini",
            "FLK": "Falklandinseln",
            "FRO": "Färöer",
            "FJI": "Fidschi",
            "FIN": "Finnland",
            "FRA": "Frankreich",
            "GUF": "Französisch-Guayana",
            "PYF": "Französisch-Polynesien",
            "ATF": "Französische Süd- und Antarktisgebiete",
            "GAB": "Gabun",
            "GMB": "Gambia",
            "GEO": "Georgien",
            "GHA": "Ghana",
            "GIB": "Gibraltar",
            "GRD": "Grenada",
            "GRC": "Griechenland",
            "GRL": "Grönland",
            "GLP": "Guadeloupe",
            "GUM": "Guam",
            "GTM": "Guatemala",
            "GGY": "Guernsey (Kanalinsel)",
            "GIN": "Guinea",
            "GNB": "Guinea-Bissau",
            "GUY": "Guyana",
            "HTI": "Haiti",
            "HMD": "Heard und McDonaldinseln",
            "HND": "Honduras",
            "HKG": "Hongkong",
            "IND": "Indien",
            "IDN": "Indonesien",
            "IMN": "Insel Man",
            "IRQ": "Irak",
            "IRN": "Iran",
            "IRL": "Irland",
            "ISL": "Island",
            "ISR": "Israel",
            "ITA": "Italien",
            "JAM": "Jamaika",
            "JPN": "Japan",
            "YEM": "Jemen",
            "JEY": "Jersey (Kanalinsel)",
            "JOR": "Jordanien",
            "CYM": "Kaimaninseln",
            "KHM": "Kambodscha",
            "CMR": "Kamerun",
            "CAN": "Kanada",
            "CPV": "Kap Verde",
            "KAZ": "Kasachstan",
            "QAT": "Katar",
            "KEN": "Kenia",
            "KGZ": "Kirgisistan",
            "KIR": "Kiribati",
            "CCK": "Kokosinseln",
            "COL": "Kolumbien",
            "COM": "Komoren",
            "COD": "Kongo, Demokratische Republik",
            "COG": "Kongo, Republik",
            "PRK": "Korea, Nord",
            "KOR": "Korea, Süd",
            "HRV": "Kroatien",
            "CUB": "Kuba",
            "KWT": "Kuwait",
            "LAO": "Laos",
            "LSO": "Lesotho",
            "LVA": "Lettland",
            "LBN": "Libanon",
            "LBR": "Liberia",
            "LBY": "Libyen",
            "LIE": "Liechtenstein",
            "LTU": "Litauen",
            "LUX": "Luxemburg",
            "MAC": "Macau",
            "MDG": "Madagaskar",
            "MWI": "Malawi",
            "MYS": "Malaysia",
            "MDV": "Malediven",
            "MLI": "Mali",
            "MLT": "Malta",
            "MAR": "Marokko",
            "MHL": "Marshallinseln",
            "MTQ": "Martinique",
            "MRT": "Mauretanien",
            "MUS": "Mauritius",
            "MYT": "Mayotte",
            "MEX": "Mexiko",
            "FSM": "Mikronesien",
            "MDA": "Moldau",
            "MCO": "Monaco",
            "MNG": "Mongolei",
            "MNE": "Montenegro",
            "MSR": "Montserrat",
            "MOZ": "Mosambik",
            "MMR": "Myanmar",
            "NAM": "Namibia",
            "NRU": "Nauru",
            "NPL": "Nepal",
            "NCL": "Neukaledonien",
            "NZL": "Neuseeland",
            "NIC": "Nicaragua",
            "NLD": "Niederlande",
            "NER": "Niger",
            "NGA": "Nigeria",
            "NIU": "Niue",
            "MNP": "Nördliche Marianen",
            "MKD": "Nordmazedonien",
            "NFK": "Norfolkinsel",
            "NOR": "Norwegen",
            "OMN": "Oman",
            "AUT": "Österreich",
            "TLS": "Osttimor",
            "PAK": "Pakistan",
            "PSE": "Palästina",
            "PLW": "Palau",
            "PAN": "Panama",
            "PNG": "Papua-Neuguinea",
            "PRY": "Paraguay",
            "PER": "Peru",
            "PHL": "Philippinen",
            "PCN": "Pitcairninseln",
            "POL": "Polen",
            "PRT": "Portugal",
            "PRI": "Puerto Rico",
            "REU": "Réunion",
            "RWA": "Ruanda",
            "ROU": "Rumänien",
            "RUS": "Russland",
            "SLB": "Salomonen",
            "BLM": "Saint-Barthélemy",
            "MAF": "Saint-Martin (französischer Teil)",
            "ZMB": "Sambia",
            "WSM": "Samoa",
            "SMR": "San Marino",
            "STP": "São Tomé und Príncipe",
            "SAU": "Saudi-Arabien",
            "SWE": "Schweden",
            "CHE": "Schweiz",
            "SEN": "Senegal",
            "SRB": "Serbien",
            "SYC": "Seychellen",
            "SLE": "Sierra Leone",
            "ZWE": "Simbabwe",
            "SGP": "Singapur",
            "SXM": "Sint Maarten",
            "SVK": "Slowakei",
            "SVN": "Slowenien",
            "SOM": "Somalia",
            "ESP": "Spanien",
            "LKA": "Sri Lanka",
            "SHN": "St. Helena, Ascension und Tristan da Cunha",
            "KNA": "St. Kitts und Nevis",
            "LCA": "St. Lucia",
            "SPM": "Saint-Pierre und Miquelon",
            "VCT": "St. Vincent und die Grenadinen",
            "ZAF": "Südafrika",
            "SDN": "Sudan",
            "SGS": "Südgeorgien und die Südlichen Sandwichinseln",
            "SSD": "Südsudan",
            "SUR": "Suriname",
            "SJM": "Spitzbergen und Jan Mayen",
            "SYR": "Syrien",
            "TJK": "Tadschikistan",
            "TWN": "Republik China",
            "TZA": "Tansania",
            "THA": "Thailand",
            "TGO": "Togo",
            "TKL": "Tokelau",
            "TON": "Tonga",
            "TTO": "Trinidad und Tobago",
            "TCD": "Tschad",
            "CZE": "Tschechien",
            "TUN": "Tunesien",
            "TUR": "Türkei",
            "TKM": "Turkmenistan",
            "TCA": "Turks- und Caicosinseln",
            "TUV": "Tuvalu",
            "UGA": "Uganda",
            "UKR": "Ukraine",
            "HUN": "Ungarn",
            "UMI": "United States Minor Outlying Islands",
            "URY": "Uruguay",
            "UZB": "Usbekistan",
            "VUT": "Vanuatu",
            "VAT": "Vatikanstadt",
            "VEN": "Venezuela",
            "ARE": "Vereinigte Arabische Emirate",
            "USA": "Vereinigte Staaten",
            "GBR": "Vereinigtes Königreich",
            "VNM": "Vietnam",
            "WLF": "Wallis und Futuna",
            "CXR": "Weihnachtsinsel",
            "ESH": "Westsahara",
            "CAF": "Zentral­afrikanische Republik",
            "CYP": "Zypern"
        }
    }
}
